,time,precipIntensity,precipProbability,temperature,apparentTemperature,humidity,windSpeed,windGust,windBearing,cloudCover,uvIndex,visibility
0,1546243200,0.0,0.0,44.23,40.89,0.84,5.85,9.49,333.0,0.08,0.0,5.133
1,1546246800,0.0,0.0,43.39,40.24,0.85,5.3,8.63,340.0,0.03,0.0,4.746
2,1546250400,0.0,0.0,42.84,40.3,0.83,4.36,7.61,332.0,0.04,0.0,5.573
3,1546254000,0.0,0.0,43.09,40.09,0.75,5.03,9.21,330.0,0.03,0.0,4.996
4,1546257600,0.0,0.0,45.21,40.99,0.6,7.89,14.66,322.0,0.0,0.0,5.569
5,1546261200,0.0,0.0,45.68,40.35,0.55,10.93,23.64,327.0,0.0,0.0,4.501
6,1546264800,0.0,0.0,45.88,39.64,0.5,14.02,25.32,331.0,0.02,0.0,6.027
7,1546268400,0.0,0.0,46.05,39.82,0.47,14.1,26.35,328.0,0.0,0.0,6.447
8,1546272000,0.0,0.0,45.96,39.31,0.44,15.59,25.55,332.0,0.0,0.0,6.447
9,1546275600,0.0,0.0,46.2,39.32,0.43,16.83,28.38,336.0,0.0,0.0,6.519
10,1546279200,0.0,0.0,47.84,41.13,0.4,18.22,30.31,342.0,0.0,1.0,6.005
11,1546282800,0.0,0.0,49.95,43.71,0.36,19.05,30.15,350.0,0.0,2.0,6.519
12,1546286400,0.0,0.0,51.15,51.15,0.33,18.25,31.07,343.0,0.0,2.0,6.492
13,1546290000,0.0,0.0,52.3,52.3,0.32,18.99,31.16,348.0,0.0,2.0,6.231
14,1546293600,0.0,0.0,52.94,52.94,0.3,19.23,32.74,347.0,0.0,1.0,6.228
15,1546297200,0.0,0.0,53.3,53.3,0.29,17.96,31.13,346.0,0.0,1.0,6.519
16,1546300800,0.0,0.0,53.09,53.09,0.29,16.94,27.54,343.0,0.0,0.0,6.519
17,1546304400,0.0,0.0,51.57,51.57,0.31,15.95,24.34,348.0,0.0,0.0,6.415
18,1546308000,0.0,0.0,49.93,44.49,0.33,15.26,24.45,346.0,0.0,0.0,6.415
19,1546311600,0.0,0.0,48.87,43.31,0.34,14.52,25.51,340.0,0.0,0.0,6.519
20,1546315200,0.0,0.0,47.95,42.47,0.35,13.25,20.71,347.0,0.0,0.0,6.519
21,1546318800,0.0,0.0,46.39,40.78,0.37,12.3,19.63,351.0,0.0,0.0,6.519
22,1546322400,0.0,0.0,45.19,39.47,0.38,11.72,19.36,352.0,0.0,0.0,6.519
23,1546326000,0.0,0.0,44.23,38.23,0.38,11.79,20.4,351.0,0.0,0.0,6.519
24,1546329600,0.0,0.0,43.48,37.13,0.38,12.26,21.95,350.0,0.0,0.0,6.415
25,1546333200,0.0,0.0,43.13,36.84,0.39,11.83,20.94,355.0,0.0,0.0,5.876
26,1546336800,0.0,0.0,42.68,36.06,0.39,12.45,22.14,354.0,0.0,0.0,5.876
27,1546340400,0.0,0.0,42.2,35.16,0.38,13.36,24.44,352.0,0.0,0.0,6.519
28,1546344000,0.0,0.0,42.02,35.11,0.37,12.79,24.06,345.0,0.0,0.0,6.519
29,1546347600,0.0,0.0,41.93,35.11,0.36,12.44,22.82,353.0,0.0,0.0,6.519
30,1546351200,0.0,0.0,41.91,34.99,0.35,12.72,24.13,347.0,0.0,0.0,6.519
31,1546354800,0.0,0.0,41.38,34.96,0.36,10.95,21.19,347.0,0.0,0.0,6.519
32,1546358400,0.0,0.0,41.57,34.91,0.35,11.75,20.82,351.0,0.0,0.0,6.519
33,1546362000,0.0,0.0,43.45,38.11,0.34,9.54,18.56,347.0,0.0,0.0,6.212
34,1546365600,0.0,0.0,45.92,40.78,0.31,10.56,18.05,359.0,0.0,1.0,5.622
35,1546369200,0.0,0.0,48.23,43.47,0.29,11.11,20.42,4.0,0.0,2.0,6.109
36,1546372800,0.0,0.0,50.01,50.01,0.27,13.05,19.76,352.0,0.0,2.0,6.519
37,1546376400,0.0,0.0,51.82,51.82,0.25,12.31,19.96,353.0,0.0,2.0,6.154
38,1546380000,0.0,0.0,53.35,53.35,0.23,10.21,15.14,359.0,0.0,1.0,6.505
39,1546383600,0.0,0.0,54.17,54.17,0.22,9.46,14.47,8.0,0.0,1.0,6.519
40,1546387200,0.0,0.0,54.07,54.07,0.23,6.69,10.02,13.0,0.0,0.0,6.519
41,1546390800,0.0,0.0,51.1,51.1,0.28,5.07,7.14,40.0,0.0,0.0,5.622
42,1546394400,0.0,0.0,48.6,47.35,0.31,3.88,6.65,32.0,0.0,0.0,7.118
43,1546398000,0.0,0.0,45.37,44.27,0.39,3.17,6.05,40.0,0.0,0.0,5.622
44,1546401600,0.0,0.0,42.9,41.0,0.44,3.64,6.11,215.0,0.0,0.0,5.607
45,1546405200,0.0,0.0,41.62,40.11,0.46,3.08,5.64,148.0,0.0,0.0,5.438
46,1546408800,0.0,0.0,40.46,38.58,0.5,3.27,5.58,153.0,0.0,0.0,6.115
47,1546412400,0.0,0.0,39.65,37.76,0.54,3.18,5.91,154.0,0.0,0.0,6.864
48,1546416000,0.0,0.0,38.67,38.67,0.55,2.82,5.23,207.0,0.0,0.0,6.5
49,1546419600,0.0,0.0,37.73,35.49,0.55,3.26,5.09,232.0,0.0,0.0,5.73
50,1546423200,0.0,0.0,37.22,34.35,0.58,3.76,5.9,124.0,0.0,0.0,5.876
51,1546426800,0.0,0.0,35.49,35.49,0.63,2.95,5.0,113.0,0.0,0.0,6.519
52,1546430400,0.0,0.0,35.76,35.76,0.62,2.76,4.49,351.0,0.0,0.0,5.876
53,1546434000,0.0,0.0,34.12,31.41,0.67,3.23,5.43,349.0,0.0,0.0,6.415
54,1546437600,0.0,0.0,34.89,32.21,0.65,3.3,5.09,21.0,0.0,0.0,5.189
55,1546441200,0.0,0.0,33.36,29.7,0.71,3.95,6.66,351.0,0.0,0.0,6.366
56,1546444800,0.0,0.0,33.53,29.35,0.69,4.48,7.17,356.0,0.08,0.0,4.635
57,1546448400,0.0,0.0,36.81,34.39,0.67,3.3,5.63,355.0,0.13,0.0,4.94
58,1546452000,0.0,0.0,41.75,39.74,0.58,3.57,6.32,33.0,0.0,1.0,4.455
59,1546455600,0.0,0.0,44.47,42.28,0.54,4.24,7.09,40.0,0.0,2.0,4.589
60,1546459200,0.0,0.0,47.77,45.7,0.49,4.83,7.81,64.0,0.0,2.0,5.342
61,1546462800,0.0,0.0,49.4,47.89,0.46,4.4,7.86,63.0,0.0,2.0,5.342
62,1546466400,0.0,0.0,51.21,51.21,0.43,4.9,8.23,76.0,0.0,1.0,6.186
63,1546470000,0.0,0.0,51.93,51.93,0.41,5.0,8.08,84.0,0.0,1.0,6.136
64,1546473600,0.0,0.0,52.06,52.06,0.39,4.55,7.08,84.0,0.0,0.0,6.231
65,1546477200,0.0,0.0,50.3,50.3,0.44,3.33,4.72,73.0,0.0,0.0,6.127
66,1546480800,0.0,0.0,47.31,46.42,0.5,3.22,4.43,58.0,0.0,0.0,5.314
67,1546484400,0.0,0.0,45.14,44.13,0.52,3.06,4.22,28.0,0.0,0.0,5.044
68,1546488000,0.0,0.0,43.16,43.16,0.58,2.63,4.04,43.0,0.0,0.0,6.236
69,1546491600,0.0,0.0,40.94,40.94,0.63,2.71,4.01,65.0,0.0,0.0,5.314
70,1546495200,0.0,0.0,39.66,39.66,0.66,2.03,3.38,335.0,0.0,0.0,5.602
71,1546498800,0.0,0.0,39.01,39.01,0.7,2.7,3.49,339.0,0.0,0.0,4.93
72,1546502400,0.0,0.0,37.32,37.32,0.71,2.22,3.22,351.0,0.0,0.0,5.457
73,1546506000,0.0,0.0,36.9,36.9,0.72,2.33,3.62,49.0,0.0,0.0,5.852
74,1546509600,0.0,0.0,36.23,36.23,0.76,2.29,3.74,41.0,0.0,0.0,4.479
75,1546513200,0.0,0.0,34.72,31.79,0.76,3.48,4.51,2.0,0.0,0.0,5.675
76,1546516800,0.0,0.0,33.78,31.28,0.78,3.04,5.27,351.0,0.0,0.0,4.946
77,1546520400,0.0,0.0,34.32,30.98,0.78,3.79,5.69,10.0,0.0,0.0,3.989
78,1546524000,0.0,0.0,33.58,30.22,0.79,3.71,6.3,6.0,0.0,0.0,5.332
79,1546527600,0.0,0.0,33.79,30.11,0.8,4.04,5.95,17.0,0.0,0.0,5.366
80,1546531200,0.0,0.0,34.02,30.41,0.79,4.0,6.84,8.0,0.0,0.0,4.593
81,1546534800,0.0,0.0,36.96,33.97,0.77,3.84,6.97,30.0,0.0,0.0,4.516
82,1546538400,0.0,0.0,41.16,37.75,0.73,5.11,8.74,27.0,0.0,1.0,5.048
83,1546542000,0.0,0.0,44.89,42.25,0.67,4.96,8.26,43.0,0.0,2.0,4.511
84,1546545600,0.0,0.0,47.14,44.81,0.64,5.08,8.9,50.0,0.0,2.0,4.776
85,1546549200,0.0,0.0,49.45,47.94,0.58,4.41,7.45,40.0,0.0,2.0,4.671
86,1546552800,0.0,0.0,51.33,51.33,0.55,4.9,7.35,43.0,0.0,1.0,6.008
87,1546556400,0.0,0.0,51.63,51.63,0.54,5.14,7.5,39.0,0.0,1.0,6.055
88,1546560000,0.0,0.0,51.54,51.54,0.54,4.63,5.98,29.0,0.0,0.0,6.107
89,1546563600,0.0,0.0,49.91,48.31,0.58,4.67,6.18,57.0,0.0,0.0,5.172
90,1546567200,0.0,0.0,47.69,46.23,0.63,3.97,5.61,53.0,0.0,0.0,5.108
91,1546570800,0.0,0.0,44.96,43.42,0.67,3.56,5.33,56.0,0.0,0.0,5.525
92,1546574400,0.0,0.0,43.56,42.14,0.69,3.24,5.08,74.0,0.0,0.0,3.459
93,1546578000,0.0,0.0,42.21,42.21,0.73,2.88,4.43,84.0,0.0,0.0,5.274
94,1546581600,0.0,0.0,41.42,41.42,0.75,2.86,4.23,103.0,0.0,0.0,4.754
95,1546585200,0.0,0.0,40.34,40.34,0.76,2.29,3.59,355.0,0.0,0.0,5.408
96,1546588800,0.0,0.0,39.55,39.55,0.77,2.36,4.24,82.0,0.0,0.0,5.211
97,1546592400,0.0,0.0,38.47,38.47,0.77,2.44,3.48,179.0,0.0,0.0,5.014
98,1546596000,0.0,0.0,37.75,37.75,0.79,2.54,3.49,150.0,0.0,0.0,5.394
99,1546599600,0.0,0.0,37.83,37.83,0.8,2.31,3.46,49.0,0.0,0.0,5.087
100,1546603200,0.0,0.0,37.28,37.28,0.81,2.52,3.95,48.0,0.0,0.0,5.351
101,1546606800,0.0,0.0,36.29,36.29,0.81,2.44,4.09,79.0,0.0,0.0,5.587
102,1546610400,0.0,0.0,36.03,36.03,0.82,2.92,4.35,76.0,0.0,0.0,4.561
103,1546614000,0.0,0.0,35.92,33.48,0.82,3.21,5.33,68.0,0.0,0.0,3.649
104,1546617600,0.0,0.0,35.33,35.33,0.83,2.7,3.75,359.0,0.08,0.0,3.993
105,1546621200,0.0,0.0,37.02,34.44,0.83,3.47,5.71,61.0,0.2,0.0,3.225
106,1546624800,0.0,0.0,41.32,41.32,0.75,3.47,5.71,61.0,0.2,0.0,3.225
107,1546628400,0.0,0.0,45.43,42.97,0.71,4.83,8.19,66.0,0.0,2.0,3.005
108,1546632000,0.0,0.0,47.79,45.76,0.68,4.78,8.46,69.0,0.0,2.0,3.67
109,1546635600,0.0,0.0,49.74,48.02,0.65,4.82,8.56,66.0,0.0,2.0,3.491
110,1546639200,0.0,0.0,51.89,51.89,0.58,4.61,7.45,66.0,0.0,1.0,4.74
111,1546642800,0.0,0.0,52.93,52.93,0.55,4.97,8.36,92.0,0.0,1.0,5.696
112,1546646400,0.0,0.0,52.92,52.92,0.54,4.75,6.87,94.0,0.0,0.0,5.575
113,1546650000,0.0,0.0,50.98,50.98,0.58,3.19,4.16,97.0,0.0,0.0,4.796
114,1546653600,0.0,0.0,47.93,47.28,0.65,3.05,3.67,173.0,0.0,0.0,4.208
115,1546657200,0.0,0.0,45.53,45.53,0.72,2.5,3.58,242.0,0.0,0.0,3.775
116,1546660800,0.0,0.0,43.36,43.36,0.77,2.69,4.15,246.0,0.0,0.0,3.41
117,1546664400,0.0,0.0,42.51,42.51,0.8,2.66,4.26,236.0,0.0,0.0,3.026
118,1546668000,0.0,0.0,41.04,41.04,0.85,2.82,4.16,215.0,0.0,0.0,2.657
119,1546671600,0.0,0.0,40.89,40.89,0.86,2.66,5.19,191.0,0.0,0.0,3.14
120,1546675200,0.0,0.0,40.0,38.13,0.88,3.21,5.27,199.0,0.0,0.0,3.336
121,1546678800,0.0,0.0,40.56,38.9,0.87,3.08,6.09,215.0,0.0,0.0,2.833
122,1546682400,0.0,0.0,40.34,38.35,0.87,3.36,6.47,146.0,0.02,0.0,3.997
123,1546686000,0.0,0.0,40.24,37.73,0.83,3.85,7.86,154.0,0.05,0.0,3.747
124,1546689600,0.0,0.0,40.31,37.07,0.83,4.7,8.6,123.0,0.1,0.0,3.444
125,1546693200,0.0,0.0,40.06,36.65,0.83,4.87,9.02,127.0,0.19,0.0,3.759
126,1546696800,0.0,0.0,40.83,38.07,0.82,4.24,10.28,108.0,0.07,0.0,3.357
127,1546700400,0.0,0.0,41.39,37.61,0.82,5.71,12.55,113.0,0.4,0.0,3.248
128,1546704000,0.001,0.06,41.92,37.95,0.86,6.14,11.91,103.0,0.72,0.0,2.318
129,1546707600,0.0035,0.3,42.78,38.54,0.87,6.9,14.56,113.0,0.76,0.0,2.04
130,1546711200,0.0039,0.23,44.16,39.93,0.87,7.43,16.29,118.0,0.8,1.0,2.441
131,1546714800,0.0018,0.09,47.15,42.34,0.79,10.47,20.93,124.0,0.66,2.0,4.302
132,1546718400,0.0,0.0,49.44,45.02,0.74,10.99,20.5,148.0,0.61,2.0,6.424
133,1546722000,0.0003,0.03,52.15,52.15,0.7,12.34,22.66,151.0,0.52,2.0,5.274
134,1546725600,0.0007,0.05,53.05,53.05,0.72,13.24,24.97,155.0,0.8,1.0,5.368
135,1546729200,0.0127,0.34,52.15,52.15,0.79,14.31,24.09,157.0,0.89,1.0,5.433
136,1546732800,0.0388,0.69,51.6,51.6,0.82,15.36,25.32,171.0,0.89,0.0,5.736
137,1546736400,0.0193,0.64,50.83,50.83,0.86,13.09,20.52,180.0,0.88,0.0,4.631
138,1546740000,0.0201,0.53,50.62,50.62,0.85,11.4,18.36,189.0,0.89,0.0,6.449
139,1546743600,0.017,0.54,50.31,50.31,0.87,9.46,16.39,193.0,0.74,0.0,6.397
140,1546747200,0.008,0.34,49.42,46.21,0.88,7.62,11.96,178.0,0.41,0.0,6.377
141,1546750800,0.0126,0.31,48.93,45.91,0.89,6.97,10.92,184.0,0.45,0.0,5.967
142,1546754400,0.0063,0.33,48.29,45.61,0.9,6.03,9.57,177.0,0.55,0.0,6.446
143,1546758000,0.0057,0.42,47.95,45.22,0.91,6.01,8.88,165.0,0.78,0.0,4.092
144,1546761600,0.014,0.33,47.2,44.75,0.91,5.28,7.64,168.0,0.59,0.0,6.519
145,1546765200,0.0007,0.07,46.99,44.73,0.91,4.93,7.47,172.0,0.24,0.0,4.616
146,1546768800,0.0073,0.18,45.66,43.57,0.93,4.37,7.79,162.0,0.49,0.0,4.767
147,1546772400,0.0034,0.13,44.94,41.73,0.92,5.85,9.41,147.0,0.62,0.0,5.062
148,1546776000,0.0016,0.07,44.1,40.25,0.93,6.68,9.2,142.0,0.62,0.0,3.69
149,1546779600,0.0,0.0,43.45,39.38,0.93,6.84,9.34,140.0,0.74,0.0,1.953
150,1546783200,0.0,0.0,43.93,39.88,0.92,6.99,10.41,145.0,0.92,0.0,1.959
151,1546786800,0.0016,0.21,43.68,39.04,0.93,8.05,12.41,137.0,0.88,0.0,2.351
152,1546790400,0.0035,0.18,44.31,39.61,0.92,8.49,13.18,139.0,0.93,0.0,3.654
153,1546794000,0.0212,0.46,44.97,40.54,0.93,8.23,13.18,141.0,0.76,0.0,4.143
154,1546797600,0.0362,0.78,46.81,41.62,0.92,11.32,18.11,144.0,0.76,1.0,4.589
155,1546801200,0.0539,1.0,47.25,42.26,0.93,11.06,18.8,138.0,0.77,2.0,3.572
156,1546804800,0.0588,0.92,47.75,42.35,0.91,12.81,21.85,137.0,0.9,2.0,3.229
157,1546808400,0.0792,0.92,48.47,42.65,0.9,15.15,26.06,148.0,0.77,2.0,4.03
158,1546812000,0.0625,0.77,48.6,42.97,0.91,14.5,24.6,147.0,0.59,1.0,5.131
159,1546815600,0.1,1.0,48.73,42.89,0.91,15.52,25.95,142.0,0.67,1.0,2.547
160,1546819200,0.1668,1.0,48.95,43.07,0.92,15.97,29.2,145.0,0.9,0.0,1.956
161,1546822800,0.1788,1.0,49.1,43.06,0.92,16.86,30.45,151.0,0.9,0.0,1.423
162,1546826400,0.2292,1.0,49.7,43.89,0.94,16.6,29.64,158.0,1.0,0.0,2.107
163,1546830000,0.1403,0.96,51.81,51.81,0.93,16.9,29.44,171.0,1.0,0.0,3.169
164,1546833600,0.0309,0.68,52.83,52.83,0.94,16.28,26.55,164.0,1.0,0.0,4.284
165,1546837200,0.0458,0.71,52.36,52.36,0.95,14.02,23.81,161.0,1.0,0.0,2.346
166,1546840800,0.1147,0.96,52.49,52.49,0.94,12.58,22.12,161.0,1.0,0.0,4.072
167,1546844400,0.0503,0.56,51.64,51.64,0.94,11.28,18.33,157.0,1.0,0.0,4.663
168,1546848000,0.0294,0.62,50.38,50.38,0.93,9.83,16.46,181.0,0.99,0.0,4.951
169,1546851600,0.004,0.33,50.32,50.32,0.9,7.85,13.97,202.0,0.99,0.0,6.852
170,1546855200,0.0,0.0,50.04,50.04,0.88,6.94,10.77,195.0,0.83,0.0,6.496
171,1546858800,0.0006,0.06,49.41,47.1,0.88,5.74,9.33,187.0,0.74,0.0,6.519
172,1546862400,0.0,0.0,48.92,46.91,0.88,5.07,7.4,185.0,0.51,0.0,6.519
173,1546866000,0.0,0.0,48.61,47.06,0.88,4.27,6.02,195.0,0.64,0.0,6.519
174,1546869600,0.0,0.0,48.25,46.8,0.88,4.06,5.72,188.0,0.24,0.0,6.519
175,1546873200,0.0023,0.2,48.31,46.93,0.89,3.98,5.38,186.0,0.41,0.0,6.519
176,1546876800,0.003,0.27,48.04,46.53,0.89,4.1,5.75,167.0,0.62,0.0,6.519
177,1546880400,0.0023,0.14,48.46,47.48,0.89,3.5,5.15,160.0,0.8,0.0,6.327
178,1546884000,0.0,0.0,49.7,49.7,0.88,2.97,4.13,172.0,0.15,1.0,5.91
179,1546887600,0.0,0.0,51.24,51.24,0.9,4.01,5.93,128.0,0.13,2.0,5.135
180,1546891200,0.0,0.0,53.77,53.77,0.84,4.11,7.24,124.0,0.1,2.0,6.146
181,1546894800,0.0,0.0,55.06,55.06,0.81,4.74,8.09,102.0,0.28,2.0,6.231
182,1546898400,0.0,0.0,55.82,55.82,0.77,4.41,7.09,86.0,0.55,1.0,5.964
183,1546902000,0.0,0.0,56.06,56.06,0.78,4.13,6.53,68.0,0.6,1.0,6.231
184,1546905600,0.0,0.0,55.66,55.66,0.8,4.42,6.1,49.0,0.33,0.0,6.231
185,1546909200,0.0,0.0,55.01,55.01,0.84,4.58,6.09,17.0,0.52,0.0,6.231
186,1546912800,0.0,0.0,53.79,53.79,0.86,6.24,8.89,17.0,0.62,0.0,6.231
187,1546916400,0.0,0.0,52.66,52.66,0.89,6.2,9.31,11.0,0.67,0.0,6.519
188,1546920000,0.0,0.0,51.49,51.49,0.9,6.59,9.13,11.0,0.62,0.0,6.519
189,1546923600,0.0,0.0,50.46,50.46,0.91,7.5,10.53,19.0,0.58,0.0,6.519
190,1546927200,0.0,0.0,49.97,47.43,0.91,6.42,9.39,356.0,0.62,0.0,6.499
191,1546930800,0.0,0.0,49.67,47.01,0.92,6.52,9.25,1.0,0.63,0.0,6.438
192,1546934400,0.0,0.0,49.43,47.05,0.91,5.88,8.53,8.0,0.56,0.0,6.397
193,1546938000,0.0,0.0,49.1,46.34,0.92,6.51,8.88,43.0,0.45,0.0,6.377
194,1546941600,0.0,0.0,48.93,46.67,0.92,5.51,6.95,4.0,0.34,0.0,6.377
195,1546945200,0.0,0.0,48.49,46.34,0.93,5.17,7.32,354.0,0.81,0.0,6.377
196,1546948800,0.0,0.0,48.62,46.32,0.92,5.48,7.88,353.0,0.69,0.0,6.367
197,1546952400,0.0,0.0,48.54,46.34,0.92,5.26,7.36,26.0,0.83,0.0,6.387
198,1546956000,0.0,0.0,48.88,46.92,0.91,4.96,7.6,39.0,0.94,0.0,6.377
199,1546959600,0.0,0.0,48.92,47.2,0.92,4.6,7.31,68.0,0.99,0.0,6.417
200,1546963200,0.0007,0.07,48.78,47.48,0.93,3.97,6.16,102.0,1.0,0.0,6.269
201,1546966800,0.0,0.0,48.86,47.02,0.95,4.78,7.57,99.0,0.99,0.0,6.057
202,1546970400,0.0,0.0,49.43,47.45,0.94,5.16,8.21,104.0,0.98,1.0,5.215
203,1546974000,0.005,0.36,50.19,50.19,0.94,5.0,8.47,116.0,1.0,2.0,3.569
204,1546977600,0.0005,0.05,50.43,50.43,0.96,4.53,7.06,113.0,0.9,2.0,4.036
205,1546981200,0.0005,0.05,51.25,51.25,0.94,4.21,6.66,95.0,0.77,2.0,4.552
206,1546984800,0.0,0.0,52.06,52.06,0.93,5.99,9.66,118.0,0.76,1.0,4.382
207,1546988400,0.0,0.0,52.45,52.45,0.93,5.1,8.85,116.0,0.67,1.0,4.679
208,1546992000,0.0029,0.22,52.99,52.99,0.93,4.55,7.98,183.0,0.67,0.0,4.843
209,1546995600,0.0028,0.08,52.99,52.99,0.94,4.48,6.4,185.0,0.67,0.0,4.287
210,1546999200,0.0022,0.14,53.17,53.17,0.94,4.38,7.22,208.0,0.67,0.0,4.456
211,1547002800,0.0073,0.44,53.0,53.0,0.94,4.45,7.46,206.0,0.67,0.0,4.205
212,1547006400,0.0052,0.28,53.12,53.12,0.92,4.35,8.03,200.0,0.67,0.0,3.889
213,1547010000,0.0315,0.45,53.56,53.56,0.9,5.79,10.95,139.0,0.74,0.0,4.227
214,1547013600,0.0058,0.19,53.39,53.39,0.9,5.75,10.14,125.0,0.75,0.0,5.583
215,1547017200,0.0,0.0,53.5,53.5,0.89,6.05,12.01,131.0,0.72,0.0,5.836
216,1547020800,0.0,0.0,55.15,55.15,0.85,8.34,15.46,142.0,0.62,0.0,6.061
217,1547024400,0.0014,0.06,55.74,55.74,0.82,10.88,18.02,153.0,0.77,0.0,6.218
218,1547028000,0.0094,0.49,55.7,55.7,0.83,12.33,19.61,166.0,0.77,0.0,5.947
219,1547031600,0.0094,0.43,55.51,55.51,0.84,10.33,17.06,169.0,0.66,0.0,6.473
220,1547035200,0.001,0.09,54.95,54.95,0.88,9.4,14.45,166.0,0.69,0.0,4.551
221,1547038800,0.0078,0.4,54.75,54.75,0.88,7.81,12.36,166.0,0.84,0.0,6.363
222,1547042400,0.0148,0.11,54.23,54.23,0.89,8.23,13.71,156.0,0.4,0.0,6.519
223,1547046000,0.0041,0.21,54.13,54.13,0.9,8.16,12.4,145.0,0.38,0.0,6.519
224,1547049600,0.0065,0.1,53.57,53.57,0.9,8.97,12.4,143.0,0.41,0.0,6.519
225,1547053200,0.0023,0.05,54.33,54.33,0.89,9.43,13.48,140.0,0.39,0.0,6.519
226,1547056800,0.0039,0.15,55.54,55.54,0.88,10.32,15.44,142.0,0.15,1.0,6.231
227,1547060400,0.0019,0.2,57.06,57.06,0.85,10.7,16.51,147.0,0.17,2.0,6.327
228,1547064000,0.0012,0.03,58.6,58.6,0.81,10.35,15.89,160.0,0.22,2.0,5.605
229,1547067600,0.0054,0.18,59.34,59.34,0.78,10.32,15.89,176.0,0.47,2.0,6.258
230,1547071200,0.0144,0.22,59.15,59.15,0.8,9.24,15.05,179.0,0.44,1.0,6.231
231,1547074800,0.0088,0.45,59.1,59.1,0.8,8.12,11.81,184.0,0.61,1.0,6.519
232,1547078400,0.0088,0.41,58.29,58.29,0.83,7.1,10.16,196.0,0.62,0.0,6.221
233,1547082000,0.0091,0.42,56.76,56.76,0.86,6.16,9.64,208.0,0.55,0.0,5.925
234,1547085600,0.0026,0.09,55.56,55.56,0.87,5.29,7.45,193.0,0.42,0.0,6.519
235,1547089200,0.0006,0.03,54.71,54.71,0.9,4.44,6.6,181.0,0.51,0.0,5.585
236,1547092800,0.0018,0.05,53.38,53.38,0.91,3.71,6.34,182.0,0.45,0.0,6.49
237,1547096400,0.0015,0.07,52.43,52.43,0.92,3.5,5.63,209.0,0.4,0.0,6.365
238,1547100000,0.0,0.0,51.54,51.54,0.91,2.98,4.73,201.0,0.48,0.0,4.207
239,1547103600,0.0,0.0,50.53,50.53,0.93,3.44,5.4,152.0,0.16,0.0,2.51
240,1547107200,0.0,0.0,49.11,48.54,0.93,3.14,4.8,138.0,0.07,0.0,1.744
241,1547110800,0.0006,0.06,48.71,48.19,0.93,3.03,4.7,112.0,0.31,0.0,3.075
242,1547114400,0.0,0.0,47.24,47.24,0.94,2.21,3.15,206.0,0.34,0.0,0.381
243,1547118000,0.0,0.0,46.8,46.8,0.95,2.53,3.63,196.0,0.66,0.0,0.629
244,1547121600,0.0,0.0,46.59,46.59,0.96,2.49,3.91,159.0,0.65,0.0,0.547
245,1547125200,0.0,0.0,46.48,46.48,0.96,2.02,2.69,137.0,0.97,0.0,0.395
246,1547128800,0.0,0.0,45.96,45.96,0.96,1.98,2.75,126.0,0.97,0.0,1.367
247,1547132400,0.0005,0.05,45.49,45.49,0.96,2.42,2.98,151.0,0.93,0.0,1.495
248,1547136000,0.001,0.06,44.86,44.86,0.97,2.29,3.14,226.0,0.72,0.0,1.711
249,1547139600,0.0018,0.15,45.96,45.96,0.99,2.58,3.5,354.0,0.88,0.0,1.219
250,1547143200,0.0,0.0,47.35,47.35,1.0,2.32,3.47,21.0,0.92,1.0,1.025
251,1547146800,0.0,0.0,49.41,48.97,0.97,3.04,5.49,66.0,0.96,2.0,0.734
252,1547150400,0.0,0.0,50.69,50.69,0.93,3.44,6.03,78.0,0.96,2.0,0.694
253,1547154000,0.0,0.0,51.6,51.6,0.94,3.5,6.24,55.0,0.94,2.0,1.31
254,1547157600,0.0,0.0,52.29,52.29,0.92,4.43,6.93,77.0,0.91,1.0,1.227
255,1547161200,0.0,0.0,52.8,52.8,0.91,4.01,6.0,56.0,0.91,1.0,2.928
256,1547164800,0.0,0.0,52.37,52.37,0.92,3.94,5.85,73.0,0.73,0.0,3.099
257,1547168400,0.0,0.0,51.05,51.05,0.93,3.98,5.67,85.0,0.7,0.0,1.662
258,1547172000,0.0,0.0,50.39,50.39,0.94,3.89,6.0,84.0,0.95,0.0,0.902
259,1547175600,0.0,0.0,49.72,47.76,0.95,5.22,7.95,96.0,0.96,0.0,0.949
260,1547179200,0.0,0.0,49.4,47.35,0.93,5.28,7.52,88.0,0.99,0.0,1.893
261,1547182800,0.0,0.0,49.03,46.98,0.94,5.16,7.46,80.0,0.97,0.0,2.053
262,1547186400,0.0,0.0,49.02,46.91,0.93,5.27,7.64,79.0,0.85,0.0,1.815
263,1547190000,0.0,0.0,49.21,47.01,0.93,5.49,8.0,73.0,0.95,0.0,2.125
264,1547193600,0.0,0.0,49.23,46.64,0.92,6.21,8.93,66.0,0.97,0.0,2.041
265,1547197200,0.0,0.0,49.54,47.19,0.91,5.86,8.33,81.0,0.99,0.0,2.39
266,1547200800,0.0003,0.03,49.5,47.27,0.91,5.63,7.59,78.0,0.99,0.0,2.433
267,1547204400,0.0006,0.06,49.24,47.04,0.92,5.49,7.73,64.0,0.99,0.0,2.352
268,1547208000,0.0005,0.05,49.09,46.72,0.92,5.75,8.16,61.0,0.96,0.0,2.734
269,1547211600,0.0,0.0,49.11,46.4,0.91,6.41,9.24,69.0,0.95,0.0,2.717
270,1547215200,0.0,0.0,49.16,46.27,0.89,6.78,10.12,69.0,0.93,0.0,3.177
271,1547218800,0.0,0.0,49.17,45.82,0.9,7.84,11.57,71.0,0.94,0.0,3.339
272,1547222400,0.0009,0.09,49.14,45.54,0.9,8.45,12.7,85.0,0.99,0.0,3.254
273,1547226000,0.0,0.0,49.02,45.44,0.91,8.32,13.32,82.0,0.99,0.0,5.115
274,1547229600,0.0006,0.06,49.22,45.64,0.9,8.43,13.1,93.0,0.98,1.0,4.151
275,1547233200,0.0,0.0,50.12,50.12,0.9,7.66,10.97,92.0,0.86,2.0,4.409
276,1547236800,0.0,0.0,51.41,51.41,0.89,6.79,10.79,90.0,0.86,2.0,4.194
277,1547240400,0.0004,0.09,53.01,53.01,0.85,8.01,11.17,77.0,0.66,2.0,5.389
278,1547244000,0.0005,0.11,53.77,53.77,0.84,7.73,10.74,68.0,0.65,1.0,6.31
279,1547247600,0.0014,0.14,54.46,54.46,0.82,7.43,10.49,56.0,0.44,1.0,5.362
280,1547251200,0.0011,0.13,54.13,54.13,0.85,7.07,9.65,49.0,0.57,0.0,5.312
281,1547254800,0.0,0.0,53.3,53.3,0.87,6.17,8.74,13.0,0.52,0.0,3.534
282,1547258400,0.0019,0.2,52.53,52.53,0.89,6.41,9.51,5.0,0.82,0.0,4.606
283,1547262000,0.0006,0.11,51.66,51.66,0.9,5.99,8.92,11.0,0.81,0.0,4.359
284,1547265600,0.003,0.32,51.32,51.32,0.9,6.02,8.86,22.0,0.59,0.0,3.475
285,1547269200,0.0052,0.31,50.9,50.9,0.92,5.95,8.29,23.0,0.75,0.0,3.323
286,1547272800,0.0057,0.22,50.55,50.55,0.92,5.03,7.64,26.0,0.68,0.0,4.573
287,1547276400,0.0011,0.03,50.1,50.1,0.9,4.67,7.23,25.0,0.66,0.0,5.001
288,1547280000,0.0003,0.03,49.4,47.44,0.91,5.12,7.55,18.0,0.75,0.0,5.626
289,1547283600,0.0,0.0,49.03,47.26,0.91,4.71,6.79,35.0,0.21,0.0,5.821
290,1547287200,0.0,0.0,48.7,47.19,0.91,4.25,6.32,81.0,0.1,0.0,5.63
291,1547290800,0.0,0.0,48.16,46.43,0.91,4.44,6.33,96.0,0.27,0.0,5.578
292,1547294400,0.0005,0.05,47.58,46.61,0.9,3.35,6.15,101.0,0.33,0.0,4.613
293,1547298000,0.0006,0.06,47.12,46.12,0.91,3.31,5.3,77.0,0.64,0.0,3.672
294,1547301600,0.0003,0.03,46.81,45.74,0.9,3.34,5.25,84.0,0.43,0.0,2.394
295,1547305200,0.0005,0.05,46.81,46.81,0.91,2.89,4.82,102.0,0.88,0.0,3.294
296,1547308800,0.0,0.0,46.61,46.61,0.92,2.65,4.19,85.0,0.73,0.0,3.082
297,1547312400,0.0,0.0,48.79,47.93,0.91,3.43,5.22,11.0,0.42,0.0,6.111
298,1547316000,0.0,0.0,49.92,48.47,0.88,4.46,7.39,47.0,0.7,1.0,1.092
299,1547319600,0.0,0.0,51.3,51.3,0.85,5.77,9.76,69.0,0.64,2.0,1.591
300,1547323200,0.0,0.0,53.07,53.07,0.83,6.84,11.38,74.0,0.41,2.0,6.209
301,1547326800,0.0,0.0,54.46,54.46,0.78,7.83,11.76,76.0,0.0,2.0,4.676
302,1547330400,0.0,0.0,55.54,55.54,0.76,7.04,11.25,79.0,0.02,2.0,7.323
303,1547334000,0.0,0.0,56.7,56.7,0.71,6.26,9.94,85.0,0.01,1.0,9.488
304,1547337600,0.0,0.0,56.49,56.49,0.73,6.61,9.66,108.0,0.0,0.0,6.283
305,1547341200,0.0,0.0,55.44,55.44,0.76,5.35,7.83,120.0,0.22,0.0,6.013
306,1547344800,0.0,0.0,53.51,53.51,0.81,3.71,4.64,135.0,0.32,0.0,4.515
307,1547348400,0.0,0.0,51.88,51.88,0.84,3.15,4.47,140.0,0.17,0.0,5.529
308,1547352000,0.0,0.0,50.84,50.84,0.85,3.11,5.22,241.0,0.2,0.0,4.267
309,1547355600,0.0,0.0,49.39,49.39,0.88,2.92,4.66,211.0,0.08,0.0,3.095
310,1547359200,0.0,0.0,48.25,47.24,0.87,3.51,5.59,84.0,0.01,0.0,2.507
311,1547362800,0.0,0.0,47.43,45.78,0.89,4.16,5.63,87.0,0.0,0.0,2.075
312,1547366400,0.0,0.0,46.55,45.26,0.9,3.54,4.78,97.0,0.0,0.0,2.4
313,1547370000,0.0,0.0,46.07,45.06,0.9,3.17,4.32,114.0,0.11,0.0,2.526
314,1547373600,0.0,0.0,45.27,43.9,0.9,3.43,5.36,346.0,0.15,0.0,1.665
315,1547377200,0.0,0.0,44.36,42.33,0.92,4.03,5.25,41.0,0.48,0.0,1.396
316,1547380800,0.0,0.0,43.78,41.47,0.95,4.26,5.6,13.0,0.15,0.0,2.3
317,1547384400,0.0,0.0,44.19,41.93,0.92,4.28,5.62,32.0,0.17,0.0,3.72
318,1547388000,0.0,0.0,43.77,41.06,0.94,4.79,6.78,45.0,0.14,0.0,2.741
319,1547391600,0.0,0.0,43.38,40.55,0.96,4.85,6.88,40.0,0.31,0.0,3.815
320,1547395200,0.0,0.0,43.3,40.15,0.97,5.28,7.16,32.0,0.31,0.0,2.734
321,1547398800,0.0003,0.03,45.43,42.44,0.94,5.63,8.3,33.0,0.27,0.0,3.246
322,1547402400,0.0,0.0,47.22,44.21,0.92,6.27,10.25,31.0,0.07,1.0,4.788
323,1547406000,0.0,0.0,50.09,50.09,0.87,7.67,10.62,43.0,0.04,2.0,6.048
324,1547409600,0.0,0.0,52.73,52.73,0.8,8.02,11.8,49.0,0.0,2.0,6.892
325,1547413200,0.0,0.0,54.69,54.69,0.73,8.08,11.44,57.0,0.0,2.0,7.119
326,1547416800,0.0,0.0,55.66,55.66,0.69,7.77,11.76,69.0,0.0,2.0,6.556
327,1547420400,0.0,0.0,56.27,56.27,0.68,6.84,9.69,68.0,0.0,1.0,5.094
328,1547424000,0.0,0.0,56.05,56.05,0.69,6.33,9.08,59.0,0.0,0.0,6.971
329,1547427600,0.0,0.0,54.78,54.78,0.71,5.31,7.37,59.0,0.0,0.0,6.243
330,1547431200,0.0,0.0,52.64,52.64,0.76,4.91,7.29,70.0,0.0,0.0,6.379
331,1547434800,0.0,0.0,51.55,51.55,0.77,5.14,6.8,67.0,0.0,0.0,6.257
332,1547438400,0.0,0.0,49.81,48.63,0.78,4.03,6.14,75.0,0.0,0.0,5.356
333,1547442000,0.0,0.0,48.65,47.32,0.79,3.98,6.22,87.0,0.0,0.0,6.26
334,1547445600,0.0,0.0,48.02,46.28,0.82,4.41,6.41,81.0,0.0,0.0,4.255
335,1547449200,0.0,0.0,46.99,45.24,0.83,4.2,6.75,81.0,0.0,0.0,4.941
336,1547452800,0.0,0.0,46.93,45.49,0.81,3.8,6.49,90.0,0.0,0.0,7.323
337,1547456400,0.0,0.0,47.22,45.15,0.83,4.7,7.09,86.0,0.28,0.0,6.262
338,1547460000,0.0,0.0,46.67,44.5,0.82,4.7,7.05,83.0,0.09,0.0,3.694
339,1547463600,0.0,0.0,45.66,42.93,0.84,5.29,7.29,62.0,0.41,0.0,4.161
340,1547467200,0.0,0.0,44.62,41.98,0.89,4.88,7.53,35.0,0.54,0.0,4.769
341,1547470800,0.0,0.0,45.0,41.82,0.89,5.82,8.97,13.0,0.85,0.0,4.538
342,1547474400,0.0,0.0,45.41,42.28,0.88,5.86,8.55,32.0,0.77,0.0,5.937
343,1547478000,0.0,0.0,46.2,43.15,0.86,5.98,9.78,38.0,0.46,0.0,7.889
344,1547481600,0.0,0.0,47.09,43.84,0.82,6.67,10.87,50.0,0.27,0.0,9.203
345,1547485200,0.0,0.0,47.55,44.25,0.79,6.97,10.78,59.0,0.5,0.0,9.265
346,1547488800,0.0,0.0,48.14,45.39,0.76,6.12,10.49,47.0,0.74,1.0,7.234
347,1547492400,0.0007,0.15,49.11,46.23,0.73,6.76,12.11,62.0,0.58,2.0,9.306
348,1547496000,0.0,0.0,50.4,50.4,0.69,7.28,11.5,71.0,0.45,2.0,8.605
349,1547499600,0.0021,0.14,50.72,50.72,0.7,7.0,9.92,70.0,0.5,2.0,6.519
350,1547503200,0.0014,0.14,51.04,51.04,0.73,6.82,10.27,77.0,0.85,1.0,5.876
351,1547506800,0.0,0.0,51.13,51.13,0.75,7.27,10.41,67.0,0.67,1.0,6.026
352,1547510400,0.001,0.14,50.98,50.98,0.8,7.71,11.19,86.0,0.83,0.0,4.424
353,1547514000,0.0092,0.43,50.42,50.42,0.82,7.57,11.25,101.0,0.88,0.0,4.385
354,1547517600,0.0041,0.4,49.6,47.04,0.87,6.3,8.78,100.0,0.67,0.0,4.819
355,1547521200,0.0003,0.03,49.65,46.64,0.88,7.29,9.97,106.0,0.9,0.0,4.7
356,1547524800,0.0016,0.17,49.75,46.77,0.89,7.28,10.34,101.0,0.89,0.0,6.442
357,1547528400,0.0004,0.03,49.78,46.67,0.89,7.56,12.15,106.0,0.89,0.0,6.29
358,1547532000,0.0,0.0,48.95,46.24,0.87,6.35,10.28,115.0,0.55,0.0,6.519
359,1547535600,0.0,0.0,47.53,44.76,0.87,5.94,9.18,108.0,0.16,0.0,5.967
360,1547539200,0.0,0.0,47.16,44.25,0.88,6.06,9.03,103.0,0.12,0.0,5.471
361,1547542800,0.0,0.0,47.81,44.51,0.86,7.09,10.74,112.0,0.42,0.0,5.284
362,1547546400,0.0,0.0,47.55,43.82,0.87,7.92,11.44,115.0,0.48,0.0,5.442
363,1547550000,0.0136,0.55,47.5,44.01,0.89,7.35,11.52,111.0,0.44,0.0,4.075
364,1547553600,0.0101,0.44,47.51,43.69,0.88,8.1,11.74,106.0,0.72,0.0,5.474
365,1547557200,0.0026,0.16,47.43,43.74,0.88,7.75,12.76,111.0,0.77,0.0,6.004
366,1547560800,0.0006,0.03,47.71,43.72,0.88,8.61,14.06,117.0,0.77,0.0,5.79
367,1547564400,0.0038,0.3,47.93,43.61,0.88,9.61,15.49,125.0,0.9,0.0,5.096
368,1547568000,0.0092,0.47,48.1,44.16,0.88,8.71,14.12,123.0,0.59,0.0,4.341
369,1547571600,0.0139,0.74,48.31,44.2,0.89,9.29,14.1,123.0,0.77,0.0,3.835
370,1547575200,0.038,1.0,48.21,44.31,0.91,8.68,13.69,112.0,0.73,1.0,2.912
371,1547578800,0.0432,0.97,48.57,44.63,0.91,8.99,14.17,110.0,0.77,2.0,3.25
372,1547582400,0.0408,0.97,48.92,44.98,0.91,9.22,13.81,102.0,0.9,2.0,3.646
373,1547586000,0.0508,0.97,49.01,45.04,0.9,9.35,14.99,100.0,0.9,2.0,3.013
374,1547589600,0.0658,1.0,49.03,45.05,0.9,9.38,16.44,93.0,0.9,1.0,2.83
375,1547593200,0.0672,1.0,48.91,44.92,0.91,9.35,17.01,84.0,1.0,1.0,3.261
376,1547596800,0.0701,0.97,49.02,45.21,0.9,8.92,16.19,95.0,0.9,0.0,4.167
377,1547600400,0.0378,0.9,49.15,45.77,0.91,7.92,14.59,99.0,0.88,0.0,3.729
378,1547604000,0.0279,0.6,49.45,45.94,0.92,8.4,13.99,115.0,0.9,0.0,2.795
379,1547607600,0.0376,0.75,50.27,50.27,0.93,10.83,18.97,128.0,1.0,0.0,2.874
380,1547611200,0.0438,0.88,51.32,51.32,0.94,12.37,21.71,142.0,0.9,0.0,2.798
381,1547614800,0.0096,0.51,52.78,52.78,0.9,11.86,20.05,168.0,1.0,0.0,6.588
382,1547618400,0.0061,0.52,53.05,53.05,0.9,9.13,15.8,178.0,0.9,0.0,6.925
383,1547622000,0.0048,0.24,53.24,53.24,0.88,8.71,14.05,169.0,0.9,0.0,6.617
384,1547625600,0.0101,0.42,52.81,52.81,0.89,8.07,12.83,154.0,0.77,0.0,6.241
385,1547629200,0.0081,0.44,52.68,52.68,0.9,8.37,13.08,149.0,0.88,0.0,5.53
386,1547632800,0.0166,0.56,52.87,52.87,0.9,8.91,13.41,153.0,0.9,0.0,5.676
387,1547636400,0.0033,0.14,52.44,52.44,0.92,8.72,13.79,142.0,0.76,0.0,6.49
388,1547640000,0.0033,0.14,52.48,52.48,0.92,9.25,14.93,134.0,0.6,0.0,6.199
389,1547643600,0.0055,0.25,52.82,52.82,0.91,9.36,14.19,132.0,0.59,0.0,6.019
390,1547647200,0.0081,0.27,53.14,53.14,0.9,9.47,15.32,141.0,0.9,0.0,6.258
391,1547650800,0.0091,0.26,53.23,53.23,0.88,10.25,17.04,138.0,0.77,0.0,6.467
392,1547654400,0.0009,0.02,53.08,53.08,0.87,9.59,15.82,140.0,0.42,0.0,6.519
393,1547658000,0.0,0.0,53.23,53.23,0.89,8.6,16.22,138.0,0.6,0.0,6.231
394,1547661600,0.0011,0.03,53.77,53.77,0.86,8.74,14.79,126.0,0.44,1.0,6.231
395,1547665200,0.0008,0.14,54.51,54.51,0.85,10.03,17.44,125.0,0.54,2.0,6.231
396,1547668800,0.0089,0.35,54.95,54.95,0.84,9.79,17.41,124.0,0.63,2.0,4.766
397,1547672400,0.0701,0.84,54.67,54.67,0.87,10.2,17.97,134.0,0.88,2.0,1.94
398,1547676000,0.1007,0.92,54.49,54.49,0.9,10.49,18.2,138.0,0.87,1.0,2.538
399,1547679600,0.127,1.0,54.9,54.9,0.9,14.12,23.91,145.0,0.89,1.0,2.239
400,1547683200,0.1026,0.97,55.2,55.2,0.9,16.09,28.08,143.0,0.88,0.0,4.498
401,1547686800,0.0397,0.69,55.78,55.78,0.91,16.98,28.32,143.0,0.9,0.0,6.381
402,1547690400,0.0091,0.56,56.5,56.5,0.9,17.28,31.2,141.0,0.67,0.0,6.965
403,1547694000,0.0224,0.68,57.2,57.2,0.89,16.8,29.19,146.0,0.9,0.0,5.959
404,1547697600,0.123,0.74,57.37,57.37,0.89,15.97,27.96,151.0,0.77,0.0,2.379
405,1547701200,0.266,1.0,56.93,56.93,0.9,15.79,25.5,147.0,1.0,0.0,2.431
406,1547704800,0.197,0.91,55.94,55.94,0.93,13.62,23.95,154.0,1.0,0.0,4.663
407,1547708400,0.0829,0.79,56.09,56.09,0.9,13.39,25.97,180.0,0.9,0.0,4.87
408,1547712000,0.0238,0.82,56.22,56.22,0.88,13.13,22.02,202.0,0.9,0.0,5.015
409,1547715600,0.008,0.45,56.29,56.29,0.85,12.96,20.17,212.0,0.64,0.0,5.686
410,1547719200,0.0028,0.28,55.75,55.75,0.85,11.02,18.23,210.0,0.27,0.0,5.71
411,1547722800,0.0,0.0,55.56,55.56,0.82,10.82,17.75,210.0,0.24,0.0,6.273
412,1547726400,0.0,0.0,55.45,55.45,0.81,9.78,16.13,207.0,0.24,0.0,5.463
413,1547730000,0.0,0.0,55.28,55.28,0.81,9.32,16.85,202.0,0.17,0.0,5.414
414,1547733600,0.0,0.0,55.08,55.08,0.8,8.17,14.63,195.0,0.35,0.0,5.128
415,1547737200,0.0014,0.12,54.8,54.8,0.8,8.14,14.31,195.0,0.54,0.0,4.573
416,1547740800,0.0214,0.33,53.46,53.46,0.84,10.83,18.9,214.0,0.76,0.0,3.475
417,1547744400,0.0808,0.81,52.49,52.49,0.87,9.0,15.59,206.0,0.94,0.0,4.196
418,1547748000,0.0603,0.64,52.12,52.12,0.88,10.29,16.18,211.0,0.63,1.0,5.496
419,1547751600,0.0552,0.55,53.58,53.58,0.87,10.04,17.02,205.0,0.46,2.0,5.389
420,1547755200,0.0045,0.28,55.94,55.94,0.8,10.9,18.27,213.0,0.2,2.0,4.699
421,1547758800,0.0006,0.07,56.96,56.96,0.76,11.04,19.71,214.0,0.28,2.0,4.367
422,1547762400,0.0107,0.29,57.66,57.66,0.72,12.57,20.95,220.0,0.44,2.0,5.455
423,1547766000,0.0037,0.07,57.19,57.19,0.72,11.45,18.97,221.0,0.27,1.0,5.966
424,1547769600,0.0006,0.03,56.67,56.67,0.74,9.73,14.67,218.0,0.24,0.0,5.721
425,1547773200,0.0009,0.02,55.9,55.9,0.77,8.58,12.99,211.0,0.53,0.0,5.475
426,1547776800,0.0,0.0,55.36,55.36,0.79,6.84,11.08,205.0,0.66,0.0,5.762
427,1547780400,0.0,0.0,54.28,54.28,0.81,6.48,10.69,208.0,0.56,0.0,5.762
428,1547784000,0.0012,0.09,53.41,53.41,0.83,6.13,8.92,202.0,0.35,0.0,5.481
429,1547787600,0.0003,0.03,52.81,52.81,0.86,5.15,7.5,208.0,0.22,0.0,5.741
430,1547791200,0.0019,0.02,52.11,52.11,0.88,4.26,6.64,201.0,0.39,0.0,5.419
431,1547794800,0.0009,0.02,51.92,51.92,0.89,3.87,5.81,193.0,0.48,0.0,5.423
432,1547798400,0.0,0.0,51.46,51.46,0.9,2.99,5.26,197.0,0.39,0.0,5.366
433,1547802000,0.0,0.0,51.27,51.27,0.9,3.13,4.92,214.0,0.29,0.0,5.423
434,1547805600,0.0,0.0,51.18,51.18,0.91,3.14,5.12,206.0,0.33,0.0,5.394
435,1547809200,0.0,0.0,50.85,50.85,0.91,2.83,4.1,221.0,0.42,0.0,5.446
436,1547812800,0.0,0.0,50.44,50.44,0.92,2.36,3.24,157.0,0.52,0.0,5.475
437,1547816400,0.0,0.0,50.27,50.27,0.91,2.28,3.45,119.0,0.56,0.0,5.443
438,1547820000,0.0,0.0,50.21,50.21,0.91,2.23,3.45,99.0,0.39,0.0,5.113
439,1547823600,0.0005,0.08,49.99,49.99,0.92,2.48,3.22,77.0,0.37,0.0,5.07
440,1547827200,0.002,0.14,50.02,50.02,0.92,2.03,3.29,117.0,0.41,0.0,4.898
441,1547830800,0.0,0.0,50.65,50.65,0.92,1.78,2.64,101.0,0.37,1.0,4.919
442,1547834400,0.0,0.0,52.76,52.76,0.88,2.56,4.14,98.0,0.36,1.0,5.666
443,1547838000,0.0,0.0,54.79,54.79,0.84,3.1,4.87,116.0,0.42,2.0,5.122
444,1547841600,0.0,0.0,56.53,56.53,0.79,3.11,5.34,101.0,0.5,2.0,4.708
445,1547845200,0.0,0.0,58.15,58.15,0.7,3.63,6.45,77.0,0.43,2.0,3.864
446,1547848800,0.0,0.0,59.42,59.42,0.65,3.93,7.41,81.0,0.61,2.0,4.491
447,1547852400,0.0,0.0,59.65,59.65,0.65,4.43,6.99,74.0,0.5,1.0,5.003
448,1547856000,0.0,0.0,59.18,59.18,0.68,4.03,5.8,68.0,0.44,0.0,5.022
449,1547859600,0.0,0.0,58.51,58.51,0.7,2.91,4.22,78.0,0.49,0.0,5.177
450,1547863200,0.0,0.0,56.62,56.62,0.75,2.84,4.07,89.0,0.5,0.0,5.695
451,1547866800,0.0,0.0,54.82,54.82,0.81,3.09,4.93,89.0,0.48,0.0,5.554
452,1547870400,0.0,0.0,53.92,53.92,0.82,2.52,3.78,91.0,0.71,0.0,5.536
453,1547874000,0.0,0.0,53.59,53.59,0.86,2.63,3.93,324.0,0.71,0.0,5.327
454,1547877600,0.0002,0.05,53.42,53.42,0.85,3.08,5.1,306.0,0.9,0.0,5.167
455,1547881200,0.0,0.0,53.28,53.28,0.86,2.67,4.68,306.0,0.76,0.0,5.161
456,1547884800,0.0037,0.21,52.99,52.99,0.9,2.96,4.64,327.0,0.67,0.0,4.137
457,1547888400,0.0079,0.48,52.75,52.75,0.9,2.9,3.68,107.0,0.9,0.0,3.538
458,1547892000,0.002,0.16,52.8,52.8,0.92,3.69,5.45,113.0,0.9,0.0,3.93
459,1547895600,0.0005,0.03,52.75,52.75,0.94,4.62,6.45,109.0,0.9,0.0,4.749
460,1547899200,0.0005,0.03,52.61,52.61,0.94,4.29,6.52,119.0,0.9,0.0,4.765
461,1547902800,0.0,0.0,52.86,52.86,0.94,3.7,5.51,129.0,0.9,0.0,4.384
462,1547906400,0.0,0.0,52.39,52.39,0.94,2.97,4.48,120.0,0.9,0.0,3.796
463,1547910000,0.0,0.0,52.38,52.38,0.93,2.3,3.38,106.0,0.88,0.0,3.502
464,1547913600,0.0,0.0,52.38,52.38,0.93,2.14,3.4,345.0,0.86,0.0,3.139
465,1547917200,0.0,0.0,53.2,53.2,0.93,2.28,3.04,12.0,0.85,0.0,4.26
466,1547920800,0.0,0.0,55.4,55.4,0.9,2.48,3.55,70.0,0.47,1.0,3.681
467,1547924400,0.0,0.0,57.27,57.27,0.86,2.22,3.91,92.0,0.33,2.0,3.933
468,1547928000,0.0,0.0,59.59,59.59,0.8,2.6,4.97,113.0,0.11,3.0,5.331
469,1547931600,0.0,0.0,61.24,61.24,0.76,3.14,5.14,122.0,0.14,2.0,5.873
470,1547935200,0.0,0.0,62.9,62.9,0.72,3.14,5.19,109.0,0.06,2.0,5.964
471,1547938800,0.0,0.0,63.61,63.61,0.7,3.5,5.4,116.0,0.16,1.0,4.233
472,1547942400,0.0,0.0,63.38,63.38,0.71,3.72,5.14,115.0,0.2,0.0,6.026
473,1547946000,0.0,0.0,62.35,62.35,0.74,2.93,3.65,135.0,0.1,0.0,5.476
474,1547949600,0.0,0.0,60.1,60.1,0.79,2.36,2.95,145.0,0.12,0.0,5.585
475,1547953200,0.0,0.0,57.94,57.94,0.85,2.21,3.23,158.0,0.13,0.0,4.824
476,1547956800,0.0,0.0,56.38,56.38,0.89,2.27,3.38,144.0,0.19,0.0,6.026
477,1547960400,0.0,0.0,55.5,55.5,0.9,2.37,3.21,140.0,0.29,0.0,5.023
478,1547964000,0.0,0.0,54.74,54.74,0.92,2.39,3.22,150.0,0.45,0.0,3.797
479,1547967600,0.0,0.0,54.28,54.28,0.91,2.52,3.68,135.0,0.38,0.0,4.98
480,1547971200,0.0,0.0,53.89,53.89,0.91,2.59,4.07,150.0,0.49,0.0,5.144
481,1547974800,0.0,0.0,54.03,54.03,0.93,2.91,4.26,160.0,0.65,0.0,5.721
482,1547978400,0.0,0.0,53.99,53.99,0.94,3.44,5.23,169.0,0.41,0.0,5.31
483,1547982000,0.0,0.0,54.21,54.21,0.94,3.9,5.99,174.0,0.46,0.0,5.369
484,1547985600,0.0018,0.14,54.07,54.07,0.96,4.27,6.89,163.0,0.69,0.0,5.431
485,1547989200,0.0077,0.31,54.36,54.36,0.96,5.6,9.01,165.0,0.76,0.0,4.267
486,1547992800,0.0037,0.2,55.12,55.12,0.92,5.71,9.8,172.0,0.82,0.0,5.414
487,1547996400,0.0041,0.16,54.96,54.96,0.93,6.44,10.3,170.0,0.82,0.0,5.873
488,1548000000,0.007,0.44,54.91,54.91,0.93,6.91,11.21,169.0,0.9,0.0,4.382
489,1548003600,0.0159,0.48,55.27,55.27,0.92,7.51,12.81,183.0,0.9,0.0,2.993
490,1548007200,0.0289,0.69,55.64,55.64,0.92,8.83,14.31,181.0,0.9,1.0,3.946
491,1548010800,0.0139,0.43,56.48,56.48,0.91,9.79,15.98,193.0,0.75,2.0,4.609
492,1548014400,0.0074,0.24,58.1,58.1,0.9,10.27,17.75,205.0,0.89,2.0,6.875
493,1548018000,0.0071,0.41,59.1,59.1,0.85,12.48,19.93,215.0,0.87,2.0,6.346
494,1548021600,0.0215,0.65,58.49,58.49,0.82,13.03,20.47,230.0,0.76,2.0,6.199
495,1548025200,0.0097,0.35,57.27,57.27,0.81,13.84,20.19,242.0,0.45,1.0,6.519
496,1548028800,0.0034,0.13,55.84,55.84,0.81,14.15,21.44,242.0,0.7,0.0,6.519
497,1548032400,0.0019,0.13,54.37,54.37,0.82,13.79,20.73,237.0,0.67,0.0,6.088
498,1548036000,0.019,0.66,51.95,51.95,0.84,14.02,23.63,248.0,0.53,0.0,5.71
499,1548039600,0.0148,0.66,49.55,44.12,0.83,14.81,22.78,254.0,0.69,0.0,6.196
500,1548043200,0.0189,0.6,48.21,43.03,0.81,12.5,18.28,241.0,0.7,0.0,6.519
501,1548046800,0.0032,0.32,47.68,42.72,0.81,11.31,17.6,244.0,0.52,0.0,6.345
502,1548050400,0.0094,0.44,47.0,42.24,0.81,10.23,18.41,243.0,0.76,0.0,6.438
503,1548054000,0.0032,0.08,46.75,42.01,0.8,10.0,16.47,242.0,0.2,0.0,6.519
504,1548057600,0.0,0.0,46.53,41.75,0.8,9.98,16.4,244.0,0.49,0.0,6.519
505,1548061200,0.0014,0.18,46.71,41.9,0.81,10.16,17.1,243.0,0.39,0.0,6.519
506,1548064800,0.0004,0.04,46.73,41.42,0.81,11.67,19.12,249.0,0.18,0.0,6.519
507,1548068400,0.0,0.0,46.76,41.55,0.8,11.39,19.58,257.0,0.05,0.0,6.519
508,1548072000,0.0006,0.06,46.73,41.53,0.79,11.32,17.74,252.0,0.02,0.0,5.876
509,1548075600,0.0,0.0,46.01,41.2,0.8,9.71,14.06,249.0,0.0,0.0,6.519
510,1548079200,0.0,0.0,46.12,41.25,0.8,9.94,15.4,255.0,0.0,0.0,5.465
511,1548082800,0.0005,0.05,45.72,41.09,0.8,9.09,13.26,258.0,0.0,0.0,5.876
512,1548086400,0.0,0.0,45.47,41.24,0.81,8.0,12.64,259.0,0.0,0.0,5.876
513,1548090000,0.0,0.0,46.3,42.35,0.81,7.79,11.64,265.0,0.0,1.0,5.768
514,1548093600,0.0,0.0,48.81,45.66,0.74,7.22,11.28,271.0,0.0,1.0,6.247
515,1548097200,0.0,0.0,51.01,51.01,0.68,6.49,10.17,279.0,0.0,2.0,6.005
516,1548100800,0.0,0.0,52.71,52.71,0.62,6.46,10.11,290.0,0.01,3.0,5.465
517,1548104400,0.0,0.0,54.39,54.39,0.58,5.71,9.51,295.0,0.03,3.0,5.084
518,1548108000,0.0,0.0,55.81,55.81,0.53,5.37,8.67,301.0,0.01,2.0,6.136
519,1548111600,0.0,0.0,56.6,56.6,0.52,5.69,8.96,313.0,0.01,1.0,6.519
520,1548115200,0.0,0.0,56.8,56.8,0.51,6.08,8.59,322.0,0.01,0.0,6.414
521,1548118800,0.0,0.0,55.62,55.62,0.55,5.35,7.07,331.0,0.0,0.0,6.415
522,1548122400,0.0,0.0,52.9,52.9,0.6,5.34,7.21,327.0,0.0,0.0,6.216
523,1548126000,0.0,0.0,50.26,50.26,0.68,4.98,7.36,319.0,0.04,0.0,5.622
524,1548129600,0.0,0.0,48.5,46.68,0.72,4.65,6.84,317.0,0.0,0.0,3.886
525,1548133200,0.0,0.0,47.47,44.95,0.74,5.48,9.32,308.0,0.0,0.0,5.876
526,1548136800,0.0,0.0,47.55,44.52,0.72,6.43,11.58,310.0,0.0,0.0,6.519
527,1548140400,0.0,0.0,47.68,43.88,0.71,8.15,14.94,321.0,0.0,0.0,6.519
528,1548144000,0.0,0.0,48.19,43.7,0.68,10.28,17.96,330.0,0.0,0.0,6.231
529,1548147600,0.0,0.0,47.76,42.83,0.65,11.27,18.79,338.0,0.0,0.0,6.146
530,1548151200,0.0,0.0,47.49,42.65,0.6,10.8,20.55,335.0,0.0,0.0,6.109
531,1548154800,0.0,0.0,47.19,41.79,0.56,12.33,20.18,336.0,0.0,0.0,6.231
532,1548158400,0.0,0.0,46.58,42.13,0.54,9.12,17.86,328.0,0.0,0.0,6.231
533,1548162000,0.0,0.0,46.2,41.62,0.52,9.23,16.69,327.0,0.0,0.0,6.146
534,1548165600,0.0,0.0,45.29,40.59,0.54,9.01,14.95,324.0,0.0,0.0,6.447
535,1548169200,0.0,0.0,44.99,40.19,0.53,9.07,15.78,321.0,0.0,0.0,6.146
536,1548172800,0.0,0.0,45.59,41.55,0.51,7.67,14.9,321.0,0.0,0.0,6.519
537,1548176400,0.0,0.0,47.93,43.72,0.47,9.34,16.63,345.0,0.0,1.0,6.796
538,1548180000,0.0,0.0,50.01,50.01,0.45,9.27,15.58,347.0,0.0,1.0,6.447
539,1548183600,0.0,0.0,52.13,52.13,0.43,8.12,13.98,342.0,0.0,2.0,5.605
540,1548187200,0.0,0.0,54.09,54.09,0.39,8.38,14.15,348.0,0.0,3.0,5.868
541,1548190800,0.0,0.0,55.86,55.86,0.35,7.87,12.56,350.0,0.0,3.0,6.32
542,1548194400,0.0,0.0,57.13,57.13,0.33,7.24,10.71,348.0,0.0,2.0,5.876
543,1548198000,0.0,0.0,58.49,58.49,0.33,7.13,9.75,357.0,0.0,1.0,6.213
544,1548201600,0.0,0.0,58.22,58.22,0.35,6.74,8.93,16.0,0.0,0.0,6.216
545,1548205200,0.0,0.0,56.47,56.47,0.4,5.77,7.37,57.0,0.0,0.0,6.339
546,1548208800,0.0,0.0,53.13,53.13,0.48,5.3,7.13,82.0,0.0,0.0,7.383
547,1548212400,0.0,0.0,50.28,50.28,0.57,3.98,6.43,99.0,0.0,0.0,5.165
548,1548216000,0.0,0.0,48.61,47.97,0.59,3.14,5.06,86.0,0.0,0.0,5.491
549,1548219600,0.0,0.0,46.44,46.44,0.62,2.94,4.64,38.0,0.0,0.0,5.491
550,1548223200,0.0,0.0,45.52,45.52,0.63,2.45,3.94,51.0,0.0,0.0,5.876
551,1548226800,0.0,0.0,44.13,42.65,0.69,3.38,4.51,59.0,0.0,0.0,5.73
552,1548230400,0.0,0.0,43.04,43.04,0.7,2.95,4.53,42.0,0.0,0.0,5.876
553,1548234000,0.0,0.0,42.78,42.78,0.69,2.7,3.7,337.0,0.0,0.0,5.73
554,1548237600,0.0,0.0,40.97,40.97,0.75,2.82,4.26,46.0,0.0,0.0,5.876
555,1548241200,0.0,0.0,40.23,40.23,0.72,2.48,3.57,72.0,0.0,0.0,5.876
556,1548244800,0.0,0.0,39.1,39.1,0.75,2.74,4.26,78.0,0.0,0.0,6.437
557,1548248400,0.0,0.0,38.77,38.77,0.74,2.62,3.65,26.0,0.0,0.0,4.121
558,1548252000,0.0,0.0,39.39,37.28,0.7,3.35,4.77,33.0,0.0,0.0,5.368
559,1548255600,0.0,0.0,38.35,36.44,0.74,3.05,4.31,356.0,0.0,0.0,4.863
560,1548259200,0.0,0.0,38.12,38.12,0.76,2.97,4.37,355.0,0.31,0.0,3.719
561,1548262800,0.0,0.0,40.81,39.05,0.76,3.21,5.19,355.0,0.49,1.0,2.59
562,1548266400,0.0,0.0,45.83,44.18,0.71,3.84,5.79,18.0,0.7,1.0,3.785
563,1548270000,0.0,0.0,49.67,48.28,0.66,4.3,6.65,20.0,0.31,2.0,5.022
564,1548273600,0.0,0.0,52.85,52.85,0.63,5.44,7.48,21.0,0.0,3.0,4.512
565,1548277200,0.0,0.0,54.23,54.23,0.6,5.59,8.98,24.0,0.0,3.0,4.79
566,1548280800,0.0,0.0,55.67,55.67,0.56,5.22,8.73,17.0,0.0,2.0,5.438
567,1548284400,0.0,0.0,56.81,56.81,0.52,4.47,6.49,21.0,0.0,1.0,5.465
568,1548288000,0.0,0.0,57.5,57.5,0.52,4.28,6.19,10.0,0.0,0.0,6.144
569,1548291600,0.0,0.0,56.14,56.14,0.54,3.66,5.42,13.0,0.0,0.0,6.447
570,1548295200,0.0,0.0,52.44,52.44,0.6,3.26,4.24,26.0,0.0,0.0,6.447
571,1548298800,0.0,0.0,50.24,50.24,0.65,2.97,4.31,350.0,0.0,0.0,7.234
572,1548302400,0.0,0.0,49.01,48.06,0.69,3.57,4.82,277.0,0.13,0.0,7.57
573,1548306000,0.0,0.0,48.25,46.93,0.71,3.9,5.57,283.0,0.08,0.0,6.657
574,1548309600,0.0,0.0,47.8,46.28,0.73,4.06,5.33,287.0,0.24,0.0,7.526
575,1548313200,0.0,0.0,46.38,44.72,0.76,3.96,5.55,280.0,0.31,0.0,6.478
576,1548316800,0.0,0.0,46.3,44.68,0.77,3.9,5.96,259.0,0.0,0.0,5.736
577,1548320400,0.0,0.0,44.48,42.82,0.81,3.63,6.43,206.0,0.0,0.0,6.416
578,1548324000,0.0,0.0,44.57,42.73,0.78,3.85,5.98,185.0,0.0,0.0,6.396
579,1548327600,0.0,0.0,43.54,43.54,0.79,2.81,5.5,182.0,0.0,0.0,5.707
580,1548331200,0.0,0.0,43.27,43.27,0.77,2.94,6.06,310.0,0.0,0.0,5.204
581,1548334800,0.0,0.0,42.35,42.35,0.83,2.7,5.43,236.0,0.0,0.0,6.254
582,1548338400,0.0,0.0,42.2,42.2,0.8,2.55,5.85,43.0,0.0,0.0,5.383
583,1548342000,0.0,0.0,41.35,41.35,0.81,2.95,5.87,6.0,0.0,0.0,5.456
584,1548345600,0.0,0.0,41.82,40.06,0.81,3.34,6.73,32.0,0.0,0.0,5.888
585,1548349200,0.0,0.0,46.37,45.47,0.75,3.1,7.0,43.0,0.13,1.0,3.396
586,1548352800,0.0,0.0,51.83,51.83,0.66,4.17,9.15,27.0,0.0,1.0,5.256
587,1548356400,0.0,0.0,54.65,54.65,0.59,5.7,11.5,8.0,0.0,2.0,5.283
588,1548360000,0.0,0.0,55.77,55.77,0.58,7.11,14.5,15.0,0.0,3.0,6.235
589,1548363600,0.0,0.0,57.31,57.31,0.53,8.47,13.62,16.0,0.0,3.0,6.218
590,1548367200,0.0,0.0,58.39,58.39,0.53,6.49,10.46,27.0,0.0,2.0,6.114
591,1548370800,0.0,0.0,59.13,59.13,0.52,5.49,9.63,34.0,0.0,1.0,5.367
592,1548374400,0.0,0.0,59.5,59.5,0.51,5.14,9.17,57.0,0.0,0.0,6.194
593,1548378000,0.0,0.0,57.85,57.85,0.56,4.42,6.48,71.0,0.0,0.0,6.231
594,1548381600,0.0,0.0,54.51,54.51,0.62,3.3,4.96,52.0,0.0,0.0,4.282
595,1548385200,0.0,0.0,51.8,51.8,0.68,3.37,5.01,358.0,0.0,0.0,3.536
596,1548388800,0.0,0.0,50.26,50.26,0.69,3.47,5.6,4.0,0.0,0.0,3.399
597,1548392400,0.0,0.0,48.54,47.88,0.71,3.15,4.79,54.0,0.0,0.0,4.282
598,1548396000,0.0,0.0,47.07,46.02,0.7,3.36,4.8,33.0,0.0,0.0,4.128
599,1548399600,0.0,0.0,45.92,44.32,0.73,3.8,5.07,31.0,0.0,0.0,3.838
600,1548403200,0.0,0.0,44.27,42.9,0.76,3.29,5.3,13.0,0.0,0.0,4.483
601,1548406800,0.0,0.0,43.68,41.66,0.77,3.9,5.92,25.0,0.0,0.0,4.139
602,1548410400,0.0,0.0,43.23,40.8,0.8,4.29,6.47,16.0,0.0,0.0,3.583
603,1548414000,0.0,0.0,43.86,41.16,0.8,4.77,6.99,37.0,0.0,0.0,7.575
604,1548417600,0.0,0.0,42.09,39.59,0.86,4.17,7.11,359.0,0.18,0.0,3.634
605,1548421200,0.0,0.0,42.66,41.31,0.82,3.06,5.23,29.0,0.0,0.0,4.3
606,1548424800,0.0,0.0,41.25,39.26,0.86,3.48,5.42,28.0,0.04,0.0,3.087
607,1548428400,0.0,0.0,42.06,39.81,0.82,3.88,6.23,91.0,0.01,0.0,2.922
608,1548432000,0.0,0.0,42.3,40.28,0.82,3.67,6.95,71.0,0.02,0.0,2.59
609,1548435600,0.0,0.0,46.3,44.88,0.79,3.65,7.19,64.0,0.0,1.0,3.711
610,1548439200,0.0,0.0,50.86,50.86,0.75,4.74,7.95,41.0,0.0,1.0,2.869
611,1548442800,0.0,0.0,54.51,54.51,0.69,5.15,8.57,57.0,0.0,2.0,4.534
612,1548446400,0.0,0.0,57.48,57.48,0.59,4.97,8.51,46.0,0.0,3.0,5.17
613,1548450000,0.0,0.0,59.64,59.64,0.49,6.08,9.89,44.0,0.0,3.0,5.489
614,1548453600,0.0,0.0,61.44,61.44,0.46,5.79,8.91,51.0,0.0,2.0,5.876
615,1548457200,0.0,0.0,62.83,62.83,0.41,5.34,8.73,41.0,0.0,1.0,6.416
616,1548460800,0.0,0.0,62.69,62.69,0.4,5.7,8.94,58.0,0.0,0.0,6.139
617,1548464400,0.0,0.0,61.03,61.03,0.47,4.51,6.37,66.0,0.0,0.0,6.519
618,1548468000,0.0,0.0,56.46,56.46,0.55,3.1,5.38,48.0,0.0,0.0,6.447
619,1548471600,0.0,0.0,53.5,53.5,0.6,3.0,6.27,342.0,0.0,0.0,6.519
620,1548475200,0.0,0.0,51.85,51.85,0.59,3.23,6.07,292.0,0.0,0.0,7.169
621,1548478800,0.0,0.0,50.51,50.51,0.59,3.77,6.67,266.0,0.0,0.0,7.234
622,1548482400,0.0,0.0,49.69,48.73,0.59,3.71,6.85,285.0,0.0,0.0,6.639
623,1548486000,0.0,0.0,47.37,46.15,0.65,3.61,6.77,280.0,0.0,0.0,5.876
624,1548489600,0.0,0.0,46.96,45.78,0.65,3.49,6.53,95.0,0.0,0.0,5.808
625,1548493200,0.0,0.0,46.14,44.65,0.64,3.72,7.93,73.0,0.0,0.0,5.532
626,1548496800,0.0,0.0,46.84,43.58,0.63,6.62,11.72,82.0,0.0,0.0,4.868
627,1548500400,0.0,0.0,47.47,44.94,0.6,5.51,10.9,76.0,0.0,0.0,4.49
628,1548504000,0.0,0.0,47.53,44.77,0.6,5.91,11.61,57.0,0.0,0.0,4.244
629,1548507600,0.0,0.0,46.94,44.2,0.61,5.69,10.98,57.0,0.0,0.0,3.93
630,1548511200,0.0,0.0,45.97,43.33,0.63,5.24,9.96,66.0,0.0,0.0,3.666
631,1548514800,0.0,0.0,45.93,42.56,0.61,6.46,10.69,46.0,0.0,0.0,3.802
632,1548518400,0.0,0.0,45.7,42.36,0.64,6.33,10.61,52.0,0.1,0.0,2.241
633,1548522000,0.0,0.0,46.79,43.54,0.71,6.56,10.37,55.0,0.0,1.0,2.517
634,1548525600,0.0,0.0,49.83,47.51,0.74,5.92,8.71,66.0,0.0,2.0,4.2
635,1548529200,0.0,0.0,53.42,53.42,0.68,5.3,8.58,77.0,0.01,2.0,3.224
636,1548532800,0.0,0.0,55.41,55.41,0.66,6.05,9.44,76.0,0.0,3.0,3.319
637,1548536400,0.0,0.0,56.79,56.79,0.64,6.13,9.57,72.0,0.0,3.0,3.252
638,1548540000,0.0,0.0,58.38,58.38,0.59,5.77,9.11,65.0,0.0,2.0,4.811
639,1548543600,0.0,0.0,58.91,58.91,0.6,5.33,8.05,77.0,0.0,1.0,3.939
640,1548547200,0.0,0.0,59.13,59.13,0.58,4.98,7.62,103.0,0.0,0.0,3.746
641,1548550800,0.0,0.0,57.95,57.95,0.59,4.24,5.96,94.0,0.0,0.0,3.654
642,1548554400,0.0,0.0,55.95,55.95,0.62,3.33,4.68,81.0,0.0,0.0,2.537
643,1548558000,0.0,0.0,54.35,54.35,0.64,2.66,4.31,87.0,0.0,0.0,2.444
644,1548561600,0.0,0.0,52.71,52.71,0.63,3.73,5.52,98.0,0.0,0.0,2.238
645,1548565200,0.0,0.0,52.54,52.54,0.66,4.19,6.16,112.0,0.0,0.0,2.219
646,1548568800,0.0,0.0,50.95,50.95,0.67,2.44,3.91,109.0,0.0,0.0,1.631
647,1548572400,0.0,0.0,49.65,49.65,0.68,1.97,3.56,65.0,0.04,0.0,1.835
648,1548576000,0.0,0.0,48.57,48.57,0.69,2.62,3.93,87.0,0.0,0.0,1.927
649,1548579600,0.0,0.0,48.55,48.55,0.7,2.22,3.71,63.0,0.0,0.0,2.284
650,1548583200,0.0,0.0,47.24,47.24,0.72,2.5,3.84,57.0,0.0,0.0,2.658
651,1548586800,0.0,0.0,47.4,45.98,0.73,3.86,5.11,38.0,0.08,0.0,3.083
652,1548590400,0.0,0.0,47.48,45.98,0.73,3.96,5.22,27.0,0.21,0.0,3.285
653,1548594000,0.0,0.0,46.23,44.18,0.77,4.44,6.14,358.0,0.37,0.0,3.599
654,1548597600,0.0,0.0,44.82,42.84,0.86,4.06,5.68,13.0,0.48,0.0,3.234
655,1548601200,0.0,0.0,44.87,43.24,0.85,3.65,5.95,43.0,0.83,0.0,0.91
656,1548604800,0.0,0.0,45.36,43.51,0.87,4.0,6.68,31.0,0.66,0.0,0.9
657,1548608400,0.0,0.0,47.16,46.02,0.87,3.48,6.26,20.0,0.47,1.0,0.805
658,1548612000,0.0,0.0,51.53,51.53,0.78,4.01,7.19,48.0,0.49,1.0,1.214
659,1548615600,0.0,0.0,54.97,54.97,0.72,5.6,8.64,42.0,0.11,2.0,3.785
660,1548619200,0.0,0.0,57.55,57.55,0.64,6.57,10.37,45.0,0.0,3.0,3.224
661,1548622800,0.0,0.0,60.55,60.55,0.56,6.02,9.77,37.0,0.0,3.0,4.519
662,1548626400,0.0,0.0,63.08,63.08,0.47,5.79,8.52,37.0,0.0,2.0,5.876
663,1548630000,0.0,0.0,64.72,64.72,0.45,4.82,7.97,42.0,0.0,1.0,6.519
664,1548633600,0.0,0.0,65.15,65.15,0.44,3.72,5.88,29.0,0.0,0.0,6.519
665,1548637200,0.0,0.0,62.6,62.6,0.49,3.44,4.85,315.0,0.0,0.0,5.876
666,1548640800,0.0,0.0,59.29,59.29,0.54,4.26,5.68,274.0,0.1,0.0,5.876
667,1548644400,0.0,0.0,58.71,58.71,0.58,4.11,6.25,266.0,0.31,0.0,5.342
668,1548648000,0.0,0.0,57.5,57.5,0.58,4.89,6.36,246.0,0.37,0.0,6.432
669,1548651600,0.0,0.0,56.0,56.0,0.57,4.58,6.85,252.0,0.12,0.0,7.006
670,1548655200,0.0,0.0,54.77,54.77,0.62,5.43,7.49,254.0,0.27,0.0,5.782
671,1548658800,0.0,0.0,53.97,53.97,0.66,4.45,6.53,209.0,0.34,0.0,5.753
672,1548662400,0.0,0.0,53.38,53.38,0.69,3.61,5.33,149.0,0.44,0.0,5.536
673,1548666000,0.0,0.0,53.71,53.71,0.68,4.24,5.62,132.0,0.34,0.0,5.35
674,1548669600,0.0,0.0,52.33,52.33,0.68,3.99,5.27,153.0,0.08,0.0,4.677
675,1548673200,0.0,0.0,50.87,50.87,0.7,3.43,4.74,213.0,0.0,0.0,3.721
676,1548676800,0.0,0.0,49.87,49.13,0.7,3.46,5.11,299.0,0.08,0.0,3.468
677,1548680400,0.0,0.0,49.49,48.74,0.72,3.4,4.92,358.0,0.08,0.0,3.415
678,1548684000,0.0,0.0,48.51,47.98,0.74,3.01,4.93,12.0,0.0,0.0,2.735
679,1548687600,0.0,0.0,48.09,48.09,0.75,2.64,4.45,23.0,0.0,0.0,3.702
680,1548691200,0.0,0.0,49.17,48.63,0.73,3.11,4.91,20.0,0.1,0.0,2.698
681,1548694800,0.0,0.0,49.55,47.84,0.77,4.75,7.46,47.0,0.0,1.0,3.022
682,1548698400,0.0,0.0,52.64,52.64,0.76,3.65,7.24,52.0,0.0,2.0,2.951
683,1548702000,0.0,0.0,55.45,55.45,0.72,3.9,6.11,45.0,0.13,2.0,3.88
684,1548705600,0.0,0.0,58.57,58.57,0.63,4.29,7.04,23.0,0.1,3.0,3.625
685,1548709200,0.0003,0.03,60.79,60.79,0.61,4.14,7.14,22.0,0.06,3.0,4.062
686,1548712800,0.0004,0.04,61.63,61.63,0.59,3.13,5.25,42.0,0.13,2.0,4.576
687,1548716400,0.0,0.0,61.98,61.98,0.58,3.18,5.5,55.0,0.31,1.0,4.73
688,1548720000,0.0,0.0,61.92,61.92,0.6,3.59,5.67,79.0,0.11,0.0,4.98
689,1548723600,0.0,0.0,60.84,60.84,0.6,3.53,5.01,83.0,0.19,0.0,4.677
690,1548727200,0.0,0.0,58.26,58.26,0.67,2.43,3.81,10.0,0.26,0.0,4.996
691,1548730800,0.0,0.0,57.09,57.09,0.69,2.42,4.07,317.0,0.11,0.0,4.62
692,1548734400,0.0,0.0,55.44,55.44,0.7,2.55,4.27,22.0,0.0,0.0,3.22
693,1548738000,0.0,0.0,54.11,54.11,0.72,2.61,3.71,106.0,0.11,0.0,2.915
694,1548741600,0.0,0.0,52.86,52.86,0.71,2.69,4.14,15.0,0.11,0.0,3.027
695,1548745200,0.0,0.0,52.1,52.1,0.74,2.78,4.05,248.0,0.56,0.0,3.89
696,1548748800,0.0,0.0,51.56,51.56,0.75,2.83,4.54,237.0,0.42,0.0,3.39
697,1548752400,0.0,0.0,50.23,50.23,0.77,2.99,4.56,273.0,0.27,0.0,2.403
698,1548756000,0.0,0.0,50.44,50.44,0.79,2.62,4.47,247.0,0.56,0.0,2.912
699,1548759600,0.0,0.0,50.55,50.55,0.8,2.51,4.67,192.0,0.13,0.0,2.741
700,1548763200,0.0,0.0,50.64,50.64,0.77,2.34,4.25,66.0,0.2,0.0,2.613
701,1548766800,0.0003,0.03,50.77,50.77,0.79,3.12,4.49,357.0,0.51,0.0,2.627
702,1548770400,0.0006,0.07,51.02,51.02,0.8,2.96,5.36,273.0,0.54,0.0,2.454
703,1548774000,0.0006,0.07,50.98,50.98,0.84,3.2,5.13,278.0,0.52,0.0,2.542
704,1548777600,0.0,0.0,50.98,50.98,0.83,3.57,6.07,264.0,0.61,0.0,2.476
705,1548781200,0.0,0.0,52.47,52.47,0.85,4.12,7.25,277.0,0.16,1.0,3.037
706,1548784800,0.0,0.0,55.44,55.44,0.81,6.14,9.6,283.0,0.11,2.0,2.906
707,1548788400,0.0,0.0,57.43,57.43,0.78,4.88,8.81,303.0,0.1,2.0,3.413
708,1548792000,0.0,0.0,59.52,59.52,0.72,4.09,5.98,302.0,0.16,3.0,4.595
709,1548795600,0.0002,0.03,60.75,60.75,0.71,4.19,5.81,319.0,0.01,3.0,3.819
710,1548799200,0.0004,0.03,61.59,61.59,0.69,3.13,5.81,307.0,0.0,2.0,3.702
711,1548802800,0.0,0.0,62.04,62.04,0.66,4.23,7.01,288.0,0.0,1.0,4.111
712,1548806400,0.0,0.0,62.63,62.63,0.65,5.06,8.26,276.0,0.0,0.0,5.275
713,1548810000,0.0,0.0,61.07,61.07,0.68,5.06,7.13,257.0,0.0,0.0,6.273
714,1548813600,0.0,0.0,59.03,59.03,0.72,4.87,6.36,263.0,0.03,0.0,5.654
715,1548817200,0.0,0.0,55.72,55.72,0.8,5.53,6.99,255.0,0.0,0.0,6.362
716,1548820800,0.0,0.0,54.53,54.53,0.83,6.29,8.42,265.0,0.0,0.0,6.298
717,1548824400,0.0,0.0,53.0,53.0,0.85,6.22,9.18,265.0,0.0,0.0,4.123
718,1548828000,0.0,0.0,52.3,52.3,0.85,5.67,8.2,266.0,0.04,0.0,3.585
719,1548831600,0.0,0.0,51.16,51.16,0.85,5.42,8.03,260.0,0.05,0.0,4.026
